Gene	PMBL_Tier	FL_Tier	BL_Tier	MCL_Tier	DLBCL_Tier	MZL_Tier	Best_Tier	Any_Tier1
ACTB	1	1	NA	NA	1	1	1	Yes
ACTG1	2	2	NA	NA	1	2	1	Yes
ARID1A	1	1	1	NA	1	1	1	Yes
ARID5B	1	NA	NA	NA	2	NA	1	Yes
B2M	1	1	2	2	1	NA	1	Yes
BCL2	2	1	2	NA	1	NA	1	Yes
BCL7A	2	1	1	NA	1	1	1	Yes
BIRC3	2	NA	NA	1	2	1	1	Yes
BIRC6	1	NA	NA	NA	1	NA	1	Yes
BTG1	1	2	2	NA	1	1	1	Yes
CCND3	2	1	1	NA	1	1	1	Yes
CD58	1	NA	NA	NA	1	NA	1	Yes
CD83	1	1	2	NA	1	NA	1	Yes
CDKN2A	2	NA	2	NA	1	2	1	Yes
CHD8	2	NA	1	NA	NA	NA	1	Yes
CIITA	1	NA	NA	NA	1	NA	1	Yes
CISH	1	NA	NA	NA	NA	NA	1	Yes
CREBBP	1	1	1	NA	1	2	1	Yes
CSF2RB	1	NA	NA	NA	NA	NA	1	Yes
DDX3X	1	2	1	NA	1	NA	1	Yes
DTX1	1	NA	3	NA	1	1	1	Yes
DUSP2	1	2	NA	NA	1	NA	1	Yes
EBF1	1	1	2	NA	1	NA	1	Yes
EEF1A1	1	1	NA	NA	1	NA	1	Yes
ETS1	2	NA	3	NA	1	NA	1	Yes
EWSR1	2	NA	NA	1	NA	NA	1	Yes
EZH2	1	1	1	NA	1	1	1	Yes
FAS	2	1	NA	NA	1	1	1	Yes
FAT1	2	NA	NA	NA	NA	1	1	Yes
FOXO1	2	1	1	NA	1	1	1	Yes
GNA13	1	1	1	NA	1	NA	1	Yes
HIST1H1B	1	1	2	NA	1	1	1	Yes
HIST1H1C	2	1	3	NA	1	NA	1	Yes
HIST1H1D	2	1	NA	NA	1	2	1	Yes
HIST1H1E	1	1	1	NA	1	1	1	Yes
HIST1H2BC	2	1	NA	NA	1	NA	1	Yes
HIST1H3B	2	NA	NA	NA	1	NA	1	Yes
HLA-A	2	NA	NA	NA	1	NA	1	Yes
HLA-B	1	NA	NA	NA	1	NA	1	Yes
HLA-C	2	NA	NA	NA	1	NA	1	Yes
IGLL5	2	1	1	NA	1	NA	1	Yes
IL4R	1	NA	NA	NA	1	NA	1	Yes
IRF4	2	2	NA	NA	1	NA	1	Yes
IRF8	1	1	2	NA	1	NA	1	Yes
ITPKB	1	2	NA	NA	1	NA	1	Yes
JAK1	1	NA	NA	NA	2	NA	1	Yes
JUNB	2	NA	NA	NA	1	NA	1	Yes
KLF2	2	2	NA	NA	1	1	1	Yes
KMT2C	1	NA	2	2	1	NA	1	Yes
KMT2D	2	1	1	1	1	1	1	Yes
LRRN3	2	NA	NA	NA	1	NA	1	Yes
LTB	1	2	NA	NA	1	NA	1	Yes
MAP3K14	1	NA	NA	NA	NA	1	1	Yes
MS4A1	1	NA	NA	NA	1	NA	1	Yes
MYC	2	1	1	NA	1	2	1	Yes
NCOR2	2	NA	2	NA	NA	1	1	Yes
NFKBIA	1	2	NA	NA	1	NA	1	Yes
NFKBIE	1	NA	NA	1	1	NA	1	Yes
NSD2	2	NA	NA	1	3	NA	1	Yes
OSBPL10	2	NA	NA	NA	1	NA	1	Yes
P2RY8	2	2	1	NA	1	NA	1	Yes
PCBP1	2	NA	1	NA	NA	NA	1	Yes
PCLO	2	NA	NA	NA	2	1	1	Yes
PIM1	1	1	2	NA	1	NA	1	Yes
PIM2	1	NA	NA	NA	1	NA	1	Yes
PTPN1	1	NA	NA	NA	NA	NA	1	Yes
PTPRD	2	2	NA	NA	2	1	1	Yes
RHOA	2	2	1	NA	1	NA	1	Yes
S1PR2	2	2	2	NA	1	NA	1	Yes
SGK1	1	1	NA	NA	1	NA	1	Yes
SIN3A	2	NA	1	NA	1	1	1	Yes
SMARCA4	2	1	1	1	1	NA	1	Yes
SOCS1	1	1	NA	NA	1	1	1	Yes
SPEN	1	NA	NA	NA	1	1	1	Yes
STAT3	2	NA	NA	NA	1	NA	1	Yes
STAT6	1	1	NA	NA	1	1	1	Yes
TBL1XR1	2	1	2	NA	1	1	1	Yes
TCF3	2	NA	1	NA	NA	NA	1	Yes
TMSB4X	2	1	NA	NA	1	NA	1	Yes
TNFAIP3	1	1	NA	NA	1	1	1	Yes
TP53	1	1	1	1	1	1	1	Yes
TRAF3	1	NA	NA	NA	2	1	1	Yes
UBE2A	1	NA	NA	NA	1	NA	1	Yes
UBR5	2	NA	NA	1	2	NA	1	Yes
WEE1	1	NA	NA	NA	1	NA	1	Yes
XPO1	1	NA	NA	NA	1	NA	1	Yes
ZFP36L1	1	NA	2	NA	1	NA	1	Yes
ATP6AP1	NA	1	NA	NA	NA	NA	1	Yes
ATP6V1B2	NA	1	NA	NA	NA	NA	1	Yes
BCL10	NA	1	NA	NA	1	1	1	Yes
BCL6	NA	1	1	NA	1	NA	1	Yes
BTK	NA	1	NA	NA	1	NA	1	Yes
CARD11	NA	1	2	1	1	1	1	Yes
CTSS	NA	1	NA	NA	NA	NA	1	Yes
EP300	NA	1	NA	NA	1	1	1	Yes
GNAI2	NA	1	1	NA	1	NA	1	Yes
HIST1H2AC	NA	1	NA	NA	1	NA	1	Yes
HIST1H2AG	NA	1	3	NA	2	2	1	Yes
HIST1H2AM	NA	1	3	NA	1	NA	1	Yes
HIST1H2BG	NA	1	NA	NA	NA	NA	1	Yes
HVCN1	NA	1	NA	NA	1	NA	1	Yes
KLHL6	NA	1	NA	NA	1	1	1	Yes
MAP2K1	NA	1	NA	NA	2	NA	1	Yes
MEF2B	NA	1	NA	1	1	NA	1	Yes
POU2AF1	NA	1	NA	NA	1	1	1	Yes
POU2F2	NA	1	NA	NA	1	NA	1	Yes
RRAGC	NA	1	NA	NA	1	NA	1	Yes
TNFRSF14	NA	1	2	NA	1	1	1	Yes
VMA21	NA	1	NA	NA	NA	NA	1	Yes
BTG2	NA	2	3	NA	1	NA	1	Yes
CD70	NA	2	NA	NA	1	NA	1	Yes
CD79B	NA	2	3	NA	1	NA	1	Yes
CXCR4	NA	2	2	NA	1	1	1	Yes
MEF2C	NA	2	NA	NA	1	NA	1	Yes
MYD88	NA	2	NA	NA	1	1	1	Yes
TMEM30A	NA	2	NA	NA	1	NA	1	Yes
ZNF608	NA	2	NA	NA	1	NA	1	Yes
BACH2	NA	NA	1	NA	NA	NA	1	Yes
BMP7	NA	NA	1	NA	NA	NA	1	Yes
FBXO11	NA	NA	1	NA	1	2	1	Yes
HNRNPU	NA	NA	1	NA	1	NA	1	Yes
ID3	NA	NA	1	NA	2	1	1	Yes
PHF6	NA	NA	1	NA	3	NA	1	Yes
PTEN	NA	NA	1	NA	1	NA	1	Yes
RFX7	NA	NA	1	NA	1	NA	1	Yes
TCL1A	NA	NA	1	NA	2	NA	1	Yes
TFAP4	NA	NA	1	NA	NA	NA	1	Yes
USP7	NA	NA	1	NA	2	NA	1	Yes
WNK1	NA	NA	1	NA	2	2	1	Yes
IKZF3	NA	NA	2	NA	1	NA	1	Yes
MIR142	NA	NA	2	NA	1	NA	1	Yes
TET2	NA	NA	2	NA	1	NA	1	Yes
PRDM1	NA	NA	2	NA	1	NA	1	Yes
BRAF	NA	NA	3	NA	1	1	1	Yes
HIST1H2BK	NA	NA	3	NA	1	2	1	Yes
MTOR	NA	NA	3	NA	1	NA	1	Yes
NOTCH1	NA	NA	3	1	1	1	1	Yes
SF3B1	NA	NA	3	NA	1	NA	1	Yes
ATM	NA	NA	NA	1	1	1	1	Yes
CCND1	NA	NA	NA	1	NA	NA	1	Yes
DAZAP1	NA	NA	NA	1	2	NA	1	Yes
HNRNPH1	NA	NA	NA	1	2	NA	1	Yes
NOTCH2	NA	NA	NA	1	1	1	1	Yes
POT1	NA	NA	NA	1	NA	NA	1	Yes
RB1	NA	NA	NA	1	1	NA	1	Yes
S1PR1	NA	NA	NA	1	2	NA	1	Yes
SP140	NA	NA	NA	1	NA	NA	1	Yes
SYNE1	NA	NA	NA	1	NA	NA	1	Yes
TERT	NA	NA	NA	1	NA	NA	1	Yes
TLR2	NA	NA	NA	1	2	NA	1	Yes
ETV6	NA	NA	NA	NA	1	NA	1	Yes
FBXW7	NA	NA	NA	NA	1	NA	1	Yes
GRB2	NA	NA	NA	NA	1	NA	1	Yes
GRHPR	NA	NA	NA	NA	1	NA	1	Yes
HIST2H2BE	NA	NA	NA	NA	1	NA	1	Yes
HLA-DMB	NA	NA	NA	NA	1	NA	1	Yes
KLHL14	NA	NA	NA	NA	1	NA	1	Yes
KRAS	NA	NA	NA	NA	1	NA	1	Yes
MGA	NA	NA	NA	NA	1	2	1	Yes
MPEG1	NA	NA	NA	NA	1	1	1	Yes
NFKBIZ	NA	NA	NA	NA	1	NA	1	Yes
NOL9	NA	NA	NA	NA	1	1	1	Yes
PTPN6	NA	NA	NA	NA	1	NA	1	Yes
SETD1B	NA	NA	NA	NA	1	NA	1	Yes
TAF1	NA	NA	NA	NA	1	2	1	Yes
TOX	NA	NA	NA	NA	1	NA	1	Yes
ZC3H12A	NA	NA	NA	NA	1	NA	1	Yes
ZNF292	NA	NA	NA	NA	1	NA	1	Yes
LCOR	NA	NA	NA	NA	1	NA	1	Yes
ABCA13	2	NA	NA	NA	NA	2	2	No
AKAP6	2	NA	NA	NA	NA	NA	2	No
ARIH2	2	NA	NA	NA	NA	NA	2	No
AXDND1	2	NA	NA	NA	NA	NA	2	No
CDH2	2	NA	NA	NA	NA	NA	2	No
CDH5	2	NA	NA	NA	NA	NA	2	No
CXCR5	2	NA	NA	NA	2	NA	2	No
DGKB	2	NA	NA	NA	NA	NA	2	No
DMD	2	NA	NA	NA	NA	NA	2	No
DNAH12	2	NA	NA	NA	NA	NA	2	No
EGR1	2	2	NA	NA	NA	2	2	No
EPHA7	2	NA	NA	NA	3	NA	2	No
EZR	2	NA	NA	NA	NA	NA	2	No
FAT4	2	NA	NA	2	2	2	2	No
GCSAM	2	NA	NA	NA	NA	NA	2	No
GPR126	2	NA	NA	NA	NA	NA	2	No
HECW2	2	NA	NA	NA	NA	NA	2	No
HELLS	2	NA	NA	NA	NA	NA	2	No
HIST1H4C	2	NA	NA	NA	NA	NA	2	No
HIST1H4E	2	NA	NA	NA	NA	NA	2	No
HIST1H4J	2	NA	2	NA	NA	NA	2	No
HRNR	2	NA	NA	NA	NA	NA	2	No
IKBKB	2	NA	NA	NA	2	2	2	No
IL13RA1	2	NA	NA	NA	NA	NA	2	No
IL1RAPL2	2	NA	NA	NA	NA	NA	2	No
IRF2BP2	2	NA	NA	NA	NA	NA	2	No
ITGB2	2	NA	NA	NA	NA	NA	2	No
ITPR3	2	NA	3	NA	NA	NA	2	No
LIMD2	2	NA	NA	NA	NA	NA	2	No
LPHN3	2	NA	NA	NA	NA	NA	2	No
MAGEC2	2	NA	NA	NA	NA	NA	2	No
MCL1	2	NA	2	NA	2	NA	2	No
MFHAS1	2	NA	NA	NA	NA	NA	2	No
MPDZ	2	NA	NA	NA	2	NA	2	No
MYB	2	NA	NA	NA	3	NA	2	No
NEK1	2	NA	NA	NA	NA	NA	2	No
NFKB2	2	NA	NA	NA	3	NA	2	No
NUP214	2	NA	NA	NA	NA	NA	2	No
OR13C2	2	NA	NA	NA	NA	NA	2	No
PCDH7	2	NA	NA	NA	3	NA	2	No
PHIP	2	NA	NA	NA	NA	NA	2	No
PRKDC	2	2	NA	NA	2	NA	2	No
PRUNE2	2	NA	NA	NA	NA	NA	2	No
RANBP2	2	NA	NA	NA	NA	NA	2	No
RBM38	2	NA	NA	NA	NA	NA	2	No
RDH12	2	NA	NA	NA	NA	NA	2	No
RELN	2	NA	NA	NA	3	NA	2	No
RFTN1	2	NA	NA	NA	2	2	2	No
RGS1	2	NA	NA	NA	3	NA	2	No
SCN9A	2	NA	NA	NA	NA	NA	2	No
SENP7	2	NA	NA	NA	NA	NA	2	No
SETD5	2	NA	NA	NA	2	NA	2	No
SETDB1	2	NA	NA	NA	NA	NA	2	No
SIAH2	2	NA	NA	NA	2	NA	2	No
SMAD3	2	NA	NA	NA	NA	NA	2	No
SMARCA2	2	NA	NA	NA	NA	NA	2	No
STAT5B	2	NA	NA	NA	2	NA	2	No
STRAP	2	NA	NA	NA	NA	NA	2	No
TAP1	2	NA	NA	NA	2	NA	2	No
TBC1D15	2	NA	NA	NA	NA	NA	2	No
TET3	2	NA	NA	NA	NA	NA	2	No
TICRR	2	NA	NA	NA	NA	NA	2	No
TNFRSF1B	2	NA	NA	NA	NA	NA	2	No
TNIP1	2	NA	NA	NA	NA	NA	2	No
TRIP11	2	NA	NA	NA	3	NA	2	No
UNC5C	2	NA	NA	NA	2	NA	2	No
VMP1	2	NA	NA	NA	NA	NA	2	No
VPS13B	2	NA	NA	NA	NA	NA	2	No
WDR87	2	NA	NA	NA	NA	NA	2	No
ZCCHC11	2	NA	NA	NA	NA	NA	2	No
ZNF217	2	NA	NA	NA	2	NA	2	No
ABL2	NA	2	NA	NA	NA	NA	2	No
ATP6V1A	NA	2	NA	NA	NA	NA	2	No
CDC42BPB	NA	2	NA	NA	NA	2	2	No
CILP	NA	2	NA	NA	NA	NA	2	No
CPNE8	NA	2	NA	NA	NA	NA	2	No
CYP2A6	NA	2	NA	NA	NA	NA	2	No
NEB	NA	2	NA	NA	NA	NA	2	No
DHX15	NA	2	NA	NA	NA	NA	2	No
TPTE	NA	2	NA	NA	NA	NA	2	No
FZR1	NA	2	NA	NA	NA	NA	2	No
GBP7	NA	2	NA	NA	NA	NA	2	No
GRM6	NA	2	NA	NA	NA	NA	2	No
HIST1H2BD	NA	2	NA	NA	NA	NA	2	No
HIST1H2BM	NA	2	NA	NA	NA	NA	2	No
TBC1D3F	NA	2	NA	NA	NA	NA	2	No
HIST1H3G	NA	2	NA	NA	NA	NA	2	No
HIST1H3I	NA	2	2	NA	NA	NA	2	No
JUP	NA	2	NA	NA	NA	NA	2	No
KIR3DL1	NA	2	NA	NA	NA	NA	2	No
LAPTM5	NA	2	NA	NA	2	NA	2	No
MAGEC1	NA	2	NA	NA	NA	NA	2	No
MAP7D1	NA	2	NA	NA	NA	NA	2	No
MGEA5	NA	2	NA	NA	NA	NA	2	No
MKI67	NA	2	2	NA	NA	NA	2	No
MYCBP2	NA	2	NA	NA	NA	NA	2	No
OR8H2	NA	2	NA	NA	NA	NA	2	No
PDS5B	NA	2	NA	NA	2	NA	2	No
PPP4C	NA	2	NA	NA	NA	NA	2	No
PZP	NA	2	NA	NA	NA	NA	2	No
RBM6	NA	2	NA	NA	NA	NA	2	No
SHROOM3	NA	2	NA	NA	NA	NA	2	No
SRRM2	NA	2	NA	NA	2	NA	2	No
STAB2	NA	2	NA	NA	NA	NA	2	No
TPP1	NA	2	NA	NA	NA	NA	2	No
XIRP2	NA	2	NA	NA	NA	NA	2	No
ADAMTS5	NA	NA	2	NA	NA	NA	2	No
ADNP	NA	NA	2	NA	NA	NA	2	No
AGO4	NA	NA	2	NA	NA	NA	2	No
ARHGEF1	NA	NA	2	NA	NA	NA	2	No
C16orf48	NA	NA	2	NA	NA	NA	2	No
CARD4	NA	NA	2	NA	NA	NA	2	No
CCNF	NA	NA	2	NA	3	NA	2	No
CD79A	NA	NA	2	NA	NA	2	2	No
CDC27	NA	NA	2	NA	NA	NA	2	No
CDC73	NA	NA	2	NA	3	NA	2	No
CDKN2C	NA	NA	2	NA	NA	NA	2	No
CHD4	NA	NA	2	NA	NA	NA	2	No
CPXM2	NA	NA	2	NA	NA	NA	2	No
DHCR7	NA	NA	2	NA	NA	NA	2	No
E2F2	NA	NA	2	NA	NA	NA	2	No
EDNRB	NA	NA	2	NA	NA	NA	2	No
EHD1	NA	NA	2	NA	NA	NA	2	No
EIF4A1	NA	NA	2	NA	NA	NA	2	No
ELP2	NA	NA	2	NA	NA	NA	2	No
EPPK1	NA	NA	2	NA	NA	NA	2	No
ERAP1	NA	NA	2	NA	NA	NA	2	No
EXOSC6	NA	NA	2	NA	NA	NA	2	No
FLYWCH1	NA	NA	2	NA	NA	NA	2	No
GGTLA4	NA	NA	2	NA	NA	NA	2	No
GTSE1	NA	NA	2	NA	NA	NA	2	No
HIST1H3D	NA	NA	2	NA	NA	NA	2	No
HLA-DQB1	NA	NA	2	NA	NA	NA	2	No
KANK2	NA	NA	2	NA	NA	NA	2	No
KLHL26	NA	NA	2	NA	NA	NA	2	No
MYO18A	NA	NA	2	NA	NA	NA	2	No
NBEAL1	NA	NA	2	NA	NA	NA	2	No
NOA1	NA	NA	2	NA	NA	NA	2	No
P2RY2	NA	NA	2	NA	NA	NA	2	No
PDCD11	NA	NA	2	NA	NA	NA	2	No
PLCG2	NA	NA	2	NA	3	NA	2	No
PPP6R2	NA	NA	2	NA	NA	NA	2	No
PREX1	NA	NA	2	NA	NA	NA	2	No
RANBP6	NA	NA	2	NA	NA	NA	2	No
REV3L	NA	NA	2	NA	NA	NA	2	No
RNF144B	NA	NA	2	NA	NA	NA	2	No
RPL10	NA	NA	2	NA	NA	NA	2	No
SAL3	NA	NA	2	NA	NA	NA	2	No
TOP2A	NA	NA	2	NA	NA	NA	2	No
TTN	NA	NA	2	NA	NA	NA	2	No
VWA7	NA	NA	2	NA	NA	NA	2	No
WDR90	NA	NA	2	NA	NA	NA	2	No
WHAMM	NA	NA	2	NA	NA	NA	2	No
WNK2	NA	NA	2	NA	NA	NA	2	No
YY1AP1	NA	NA	2	NA	NA	NA	2	No
ZAN	NA	NA	2	NA	NA	NA	2	No
ZBTB7A	NA	NA	2	NA	3	NA	2	No
ZNF85	NA	NA	2	NA	NA	NA	2	No
PIK3R1	NA	NA	3	NA	2	NA	2	No
RBP3	NA	NA	3	NA	2	NA	2	No
SALL3	NA	NA	3	2	NA	NA	2	No
ABCA3	NA	NA	NA	2	3	NA	2	No
ABCC9	NA	NA	NA	2	NA	NA	2	No
ANK2	NA	NA	NA	2	3	NA	2	No
ARID1B	NA	NA	NA	2	3	NA	2	No
ATP11C	NA	NA	NA	2	NA	NA	2	No
BCOR	NA	NA	NA	2	NA	2	2	No
CDH8	NA	NA	NA	2	3	NA	2	No
CHMP4C	NA	NA	NA	2	NA	NA	2	No
COL11A1	NA	NA	NA	2	NA	NA	2	No
COL16A1	NA	NA	NA	2	NA	NA	2	No
CRYBG3	NA	NA	NA	2	NA	NA	2	No
CTNNA2	NA	NA	NA	2	NA	NA	2	No
DCP1B	NA	NA	NA	2	NA	NA	2	No
DHDH	NA	NA	NA	2	NA	NA	2	No
DLC1	NA	NA	NA	2	NA	NA	2	No
DLGAP2	NA	NA	NA	2	NA	NA	2	No
DNAJC6	NA	NA	NA	2	NA	NA	2	No
EIF2AK4	NA	NA	NA	2	NA	NA	2	No
ESX1	NA	NA	NA	2	NA	NA	2	No
GRIN2A	NA	NA	NA	2	NA	NA	2	No
HEPH	NA	NA	NA	2	2	NA	2	No
KCNC2	NA	NA	NA	2	NA	NA	2	No
KIAA1671	NA	NA	NA	2	NA	NA	2	No
LUZP4	NA	NA	NA	2	NA	NA	2	No
MRGPRF	NA	NA	NA	2	NA	NA	2	No
NIN	NA	NA	NA	2	NA	NA	2	No
OGDHL	NA	NA	NA	2	NA	NA	2	No
PCDHB2	NA	NA	NA	2	NA	NA	2	No
PCSK2	NA	NA	NA	2	NA	NA	2	No
PDLIM3	NA	NA	NA	2	NA	NA	2	No
PLXNB3	NA	NA	NA	2	NA	2	2	No
RGS4	NA	NA	NA	2	NA	NA	2	No
ROBO2	NA	NA	NA	2	NA	NA	2	No
SI	NA	NA	NA	2	NA	NA	2	No
SLC17A6	NA	NA	NA	2	NA	NA	2	No
SMARCB1	NA	NA	NA	2	NA	NA	2	No
SMC1A	NA	NA	NA	2	NA	NA	2	No
TBC1D26	NA	NA	NA	2	NA	NA	2	No
TNRC6B	NA	NA	NA	2	NA	NA	2	No
TRPM6	NA	NA	NA	2	NA	NA	2	No
ZNF117	NA	NA	NA	2	NA	NA	2	No
ZNF296	NA	NA	NA	2	NA	NA	2	No
ARAP2	NA	NA	NA	NA	2	NA	2	No
ADAMTSL3	NA	NA	NA	NA	2	NA	2	No
AKAP8	NA	NA	NA	NA	2	NA	2	No
ALDH3A2	NA	NA	NA	NA	2	NA	2	No
ANKLE2	NA	NA	NA	NA	2	NA	2	No
HIST1H3A	NA	NA	NA	NA	2	NA	2	No
BCL2L10	NA	NA	NA	NA	2	NA	2	No
BRSK1	NA	NA	NA	NA	2	NA	2	No
C12orf35	NA	NA	NA	NA	2	NA	2	No
CAMTA1	NA	NA	NA	NA	2	NA	2	No
PTPN21	NA	NA	NA	NA	2	NA	2	No
TBP	NA	NA	NA	NA	2	NA	2	No
VAX1	NA	NA	NA	NA	2	NA	2	No
ABI3BP	NA	NA	NA	NA	2	NA	2	No
ADAMTS1	NA	NA	NA	NA	2	NA	2	No
AICDA	NA	NA	NA	NA	2	NA	2	No
ANKRD12	NA	NA	NA	NA	2	NA	2	No
ANKRD17	NA	NA	NA	NA	2	NA	2	No
ASXL3	NA	NA	NA	NA	2	NA	2	No
ATR	NA	NA	NA	NA	2	NA	2	No
BAI1	NA	NA	NA	NA	2	NA	2	No
BCL11A	NA	NA	NA	NA	2	NA	2	No
BCR	NA	NA	NA	NA	2	NA	2	No
BRINP3	NA	NA	NA	NA	2	NA	2	No
BTBD3	NA	NA	NA	NA	2	NA	2	No
CADPS2	NA	NA	NA	NA	2	NA	2	No
CYTSB	NA	NA	NA	NA	2	NA	2	No
CASP8	NA	NA	NA	NA	2	NA	2	No
CD22	NA	NA	NA	NA	2	NA	2	No
CD274	NA	NA	NA	NA	2	NA	2	No
DCHS1	NA	NA	NA	NA	2	NA	2	No
CD36	NA	NA	NA	NA	2	NA	2	No
CD44	NA	NA	NA	NA	2	NA	2	No
CD74	NA	NA	NA	NA	2	NA	2	No
CDH9	NA	NA	NA	NA	2	NA	2	No
CEP164	NA	NA	NA	NA	2	NA	2	No
CNOT2	NA	NA	NA	NA	2	NA	2	No
CNTNAP5	NA	NA	NA	NA	2	NA	2	No
COL12A1	NA	NA	NA	NA	2	NA	2	No
COQ7	NA	NA	NA	NA	2	NA	2	No
CPS1	NA	NA	NA	NA	2	NA	2	No
CRIP1	NA	NA	NA	NA	2	NA	2	No
DDX10	NA	NA	NA	NA	2	NA	2	No
DIAPH2	NA	NA	NA	NA	2	NA	2	No
DHX16	NA	NA	NA	NA	2	NA	2	No
DNAH5	NA	NA	NA	NA	2	2	2	No
DNM2	NA	NA	NA	NA	2	NA	2	No
DNMT3B	NA	NA	NA	NA	2	NA	2	No
DOCK1	NA	NA	NA	NA	2	NA	2	No
DSG4	NA	NA	NA	NA	2	NA	2	No
DPYD	NA	NA	NA	NA	2	NA	2	No
EIF2AK3	NA	NA	NA	NA	2	NA	2	No
DSC3	NA	NA	NA	NA	2	NA	2	No
DSEL	NA	NA	NA	NA	2	NA	2	No
ERAP2	NA	NA	NA	NA	2	NA	2	No
FAT2	NA	NA	NA	NA	2	NA	2	No
FBLN2	NA	NA	NA	NA	2	NA	2	No
DUSP27	NA	NA	NA	NA	2	NA	2	No
DUSP9	NA	NA	NA	NA	2	NA	2	No
FOXC1	NA	NA	NA	NA	2	NA	2	No
FOXP1	NA	NA	NA	NA	2	NA	2	No
FUBP1	NA	NA	NA	NA	2	NA	2	No
GABRA1	NA	NA	NA	NA	2	NA	2	No
GABRA2	NA	NA	NA	NA	2	NA	2	No
GOLGA5	NA	NA	NA	NA	2	NA	2	No
GPC5	NA	NA	NA	NA	2	NA	2	No
GSG2	NA	NA	NA	NA	2	NA	2	No
H1FOO	NA	NA	NA	NA	2	NA	2	No
HDAC7	NA	NA	NA	NA	2	NA	2	No
HIST1H2AL	NA	NA	NA	NA	2	NA	2	No
HIST1H2BO	NA	NA	NA	NA	2	NA	2	No
HLA-DMA	NA	NA	NA	NA	2	NA	2	No
HNF1B	NA	NA	NA	NA	2	NA	2	No
HNRNPD	NA	NA	NA	NA	2	NA	2	No
IFNGR1	NA	NA	NA	NA	2	NA	2	No
IKBKE	NA	NA	NA	NA	2	NA	2	No
IL16	NA	NA	NA	NA	2	NA	2	No
IL6	NA	NA	NA	NA	2	NA	2	No
INO80	NA	NA	NA	NA	2	NA	2	No
IRF1	NA	NA	NA	NA	2	NA	2	No
JAK3	NA	NA	NA	NA	2	NA	2	No
KCMF1	NA	NA	NA	NA	2	NA	2	No
KIAA1614	NA	NA	NA	NA	2	NA	2	No
KLHL21	NA	NA	NA	NA	2	NA	2	No
KRTAP5-5	NA	NA	NA	NA	2	NA	2	No
LAMA5	NA	NA	NA	NA	2	NA	2	No
FBXO31	NA	NA	NA	NA	2	NA	2	No
LPP	NA	NA	NA	NA	2	NA	2	No
LRP12	NA	NA	NA	NA	2	NA	2	No
LYN	NA	NA	NA	NA	2	NA	2	No
MAGT1	NA	NA	NA	NA	2	NA	2	No
MALAT1	NA	NA	NA	NA	2	NA	2	No
MECOM	NA	NA	NA	NA	2	NA	2	No
MET	NA	NA	NA	NA	2	NA	2	No
MSH6	NA	NA	NA	NA	2	NA	2	No
MYBPC2	NA	NA	NA	NA	2	NA	2	No
MYO19	NA	NA	NA	NA	2	NA	2	No
MYOM2	NA	NA	NA	NA	2	NA	2	No
NAV1	NA	NA	NA	NA	2	NA	2	No
NEAT1	NA	NA	NA	NA	2	NA	2	No
NF1	NA	NA	NA	NA	2	NA	2	No
NLRP5	NA	NA	NA	NA	2	NA	2	No
ODZ2	NA	NA	NA	NA	2	NA	2	No
ODZ3	NA	NA	NA	NA	2	NA	2	No
OR6K3	NA	NA	NA	NA	2	NA	2	No
P2RX5	NA	NA	NA	NA	2	NA	2	No
PAPOLG	NA	NA	NA	NA	2	NA	2	No
PASD1	NA	NA	NA	NA	2	NA	2	No
PASK	NA	NA	NA	NA	2	NA	2	No
PAX5	NA	NA	NA	NA	2	NA	2	No
PCDHB11	NA	NA	NA	NA	2	NA	2	No
PCDHB6	NA	NA	NA	NA	2	NA	2	No
PDGFC	NA	NA	NA	NA	2	NA	2	No
PIK3CD	NA	NA	NA	NA	2	NA	2	No
PNPO	NA	NA	NA	NA	2	NA	2	No
PRKCB	NA	NA	NA	NA	2	NA	2	No
PRPS1	NA	NA	NA	NA	2	NA	2	No
RAC2	NA	NA	NA	NA	2	NA	2	No
RAPGEF1	NA	NA	NA	NA	2	NA	2	No
RHEX	NA	NA	NA	NA	2	NA	2	No
RHOH	NA	NA	NA	NA	2	NA	2	No
SAMD9L	NA	NA	NA	NA	2	NA	2	No
HERC2	NA	NA	NA	NA	2	NA	2	No
SDK2	NA	NA	NA	NA	2	NA	2	No
SEC14L5	NA	NA	NA	NA	2	NA	2	No
SEL1L3	NA	NA	NA	NA	2	NA	2	No
SERPINA9	NA	NA	NA	NA	2	NA	2	No
SETD2	NA	NA	NA	NA	2	NA	2	No
SLC34A2	NA	NA	NA	NA	2	NA	2	No
SLC38A8	NA	NA	NA	NA	2	NA	2	No
SLITRK6	NA	NA	NA	NA	2	NA	2	No
SMEK1	NA	NA	NA	NA	2	NA	2	No
SRPX	NA	NA	NA	NA	2	NA	2	No
ST6GAL1	NA	NA	NA	NA	2	NA	2	No
HMGB1	NA	NA	NA	NA	2	NA	2	No
SYN2	NA	NA	NA	NA	2	NA	2	No
SYPL1	NA	NA	NA	NA	2	NA	2	No
TBC1D4	NA	NA	NA	NA	2	NA	2	No
TGFBR2	NA	NA	NA	NA	2	NA	2	No
TIPARP	NA	NA	NA	NA	2	NA	2	No
TMSL3	NA	NA	NA	NA	2	NA	2	No
TNF	NA	NA	NA	NA	2	NA	2	No
TRAF6	NA	NA	NA	NA	2	NA	2	No
TRIM2	NA	NA	NA	NA	2	NA	2	No
UBE2J1	NA	NA	NA	NA	2	NA	2	No
UHRF1BP1	NA	NA	NA	NA	2	NA	2	No
UNC5B	NA	NA	NA	NA	2	NA	2	No
UNC5D	NA	NA	NA	NA	2	NA	2	No
WDFY3	NA	NA	NA	NA	2	NA	2	No
YY1	NA	NA	NA	NA	2	NA	2	No
ZCCHC7	NA	NA	NA	NA	2	NA	2	No
ZEB2	NA	NA	NA	NA	2	NA	2	No
ZFX	NA	NA	NA	NA	2	NA	2	No
ZNF423	NA	NA	NA	NA	2	NA	2	No
KDM2B	NA	NA	NA	NA	2	NA	2	No
MAGEC3	NA	NA	NA	NA	2	NA	2	No
MED12L	NA	NA	NA	NA	2	NA	2	No
MTMR8	NA	NA	NA	NA	2	NA	2	No
MYO1G	NA	NA	NA	NA	2	NA	2	No
OFD1	NA	NA	NA	NA	2	NA	2	No
PMS1	NA	NA	NA	NA	2	NA	2	No
PPP2R5A	NA	NA	NA	NA	2	NA	2	No
RASGEF1A	NA	NA	NA	NA	2	NA	2	No
RGAG1	NA	NA	NA	NA	2	NA	2	No
SERPINA1	NA	NA	NA	NA	2	NA	2	No
SMARCA1	NA	NA	NA	NA	2	NA	2	No
TLL2	NA	NA	NA	NA	2	NA	2	No
TSC22D1	NA	NA	NA	NA	2	NA	2	No
ZNF385B	NA	NA	NA	NA	2	NA	2	No
ZNF521	NA	NA	NA	NA	2	NA	2	No
ZWILCH	NA	NA	NA	NA	2	NA	2	No
FGFRL1	NA	NA	NA	NA	2	NA	2	No
KIF1C	NA	NA	NA	NA	2	NA	2	No
DSP	NA	NA	NA	NA	3	2	2	No
HRAS	NA	NA	NA	NA	3	2	2	No
LRP1B	NA	NA	NA	NA	3	2	2	No
RAF1	NA	NA	NA	NA	3	2	2	No
RAPGEF2	NA	NA	NA	NA	3	2	2	No
TRRAP	NA	NA	NA	NA	3	2	2	No
WAC	NA	NA	NA	NA	3	2	2	No
ARHGAP20	NA	NA	NA	NA	NA	2	2	No
ARHGEF15	NA	NA	NA	NA	NA	2	2	No
ARHGEF17	NA	NA	NA	NA	NA	2	2	No
DNAH7	NA	NA	NA	NA	NA	2	2	No
DNAI1	NA	NA	NA	NA	NA	2	2	No
DOCK6	NA	NA	NA	NA	NA	2	2	No
DTX3L	NA	NA	NA	NA	NA	2	2	No
EZH1	NA	NA	NA	NA	NA	2	2	No
HIST1H2AD	NA	NA	NA	NA	NA	2	2	No
HIST4H4	NA	NA	NA	NA	NA	2	2	No
KAT6A	NA	NA	NA	NA	NA	2	2	No
KDM6A	NA	NA	NA	NA	NA	2	2	No
KIF26A	NA	NA	NA	NA	NA	2	2	No
MYLK	NA	NA	NA	NA	NA	2	2	No
NCOA6	NA	NA	NA	NA	NA	2	2	No
NRAS	NA	NA	NA	NA	NA	2	2	No
ROCK1	NA	NA	NA	NA	NA	2	2	No
TBK1	NA	NA	NA	NA	NA	2	2	No
AMOTL1	NA	NA	NA	NA	NA	2	2	No
CBFA2T3	NA	NA	NA	NA	NA	2	2	No
PLA2G4D	NA	NA	NA	NA	NA	2	2	No
USH2A	NA	NA	NA	NA	NA	2	2	No
EGR2	NA	NA	NA	NA	NA	2	2	No
GPS2	NA	NA	NA	NA	NA	2	2	No
MCRS1	NA	NA	NA	NA	NA	2	2	No
MSL2	NA	NA	NA	NA	NA	2	2	No
SWAP70	NA	NA	NA	NA	NA	2	2	No
ADD2	NA	NA	NA	NA	NA	2	2	No
AOC2	NA	NA	NA	NA	NA	2	2	No
AMN	NA	NA	NA	NA	NA	2	2	No
C6orf103	NA	NA	NA	NA	NA	2	2	No
CLGN	NA	NA	NA	NA	NA	2	2	No
CNKSR2	NA	NA	NA	NA	NA	2	2	No
GPR98	NA	NA	NA	NA	NA	2	2	No
PARK2	NA	NA	NA	NA	NA	2	2	No
PACRG	NA	NA	NA	NA	NA	2	2	No
RCOR1	NA	NA	NA	NA	NA	2	2	No
RPL1L	NA	NA	NA	NA	NA	2	2	No
SAMD5	NA	NA	NA	NA	NA	2	2	No
SCG3	NA	NA	NA	NA	NA	2	2	No
STXBP5	NA	NA	NA	NA	NA	2	2	No
TCTN2	NA	NA	NA	NA	NA	2	2	No
CNBP	NA	NA	NA	NA	NA	2	2	No
CD9B	NA	NA	NA	NA	NA	2	2	No
TNIP2	NA	NA	NA	NA	NA	2	2	No
DTNB	NA	NA	NA	NA	NA	2	2	No
ACAD9	NA	NA	3	NA	NA	NA	3	No
ACE	NA	NA	3	NA	3	NA	3	No
ALPK2	NA	NA	3	NA	NA	NA	3	No
ATP2C2	NA	NA	3	NA	NA	NA	3	No
BRD4	NA	NA	3	NA	3	NA	3	No
C6orf27	NA	NA	3	NA	NA	NA	3	No
CAD	NA	NA	3	NA	3	NA	3	No
CCT6B	NA	NA	3	NA	NA	NA	3	No
CDH17	NA	NA	3	NA	NA	NA	3	No
COL4A2	NA	NA	3	NA	NA	NA	3	No
CTCF	NA	NA	3	NA	NA	NA	3	No
CYB5D1	NA	NA	3	NA	NA	NA	3	No
CYP4F22	NA	NA	3	NA	NA	NA	3	No
DLGAP1	NA	NA	3	NA	3	NA	3	No
DNMT1	NA	NA	3	NA	NA	NA	3	No
EIF2C4	NA	NA	3	NA	NA	NA	3	No
EML2	NA	NA	3	NA	NA	NA	3	No
ENTPD3	NA	NA	3	NA	NA	NA	3	No
EPHB2	NA	NA	3	NA	NA	NA	3	No
FAM129B	NA	NA	3	NA	NA	NA	3	No
FGFR3	NA	NA	3	NA	NA	NA	3	No
FTCD	NA	NA	3	NA	NA	NA	3	No
FZD3	NA	NA	3	NA	NA	NA	3	No
GRIK5	NA	NA	3	NA	NA	NA	3	No
HIST1H3H	NA	NA	3	NA	NA	NA	3	No
HIST1H3J	NA	NA	3	NA	NA	NA	3	No
ICK	NA	NA	3	NA	NA	NA	3	No
KCNK10	NA	NA	3	NA	NA	NA	3	No
KIFC3	NA	NA	3	NA	NA	NA	3	No
MAP3K6	NA	NA	3	NA	NA	NA	3	No
MME	NA	NA	3	NA	NA	NA	3	No
MYH10	NA	NA	3	NA	NA	NA	3	No
NRXN2	NA	NA	3	NA	3	NA	3	No
PABPC4L	NA	NA	3	NA	NA	NA	3	No
PC	NA	NA	3	NA	NA	NA	3	No
PCDHA11	NA	NA	3	NA	NA	NA	3	No
PDZRN3	NA	NA	3	NA	3	NA	3	No
POLRMT	NA	NA	3	NA	NA	NA	3	No
POR	NA	NA	3	NA	NA	NA	3	No
PRSS22	NA	NA	3	NA	NA	NA	3	No
PTPRN	NA	NA	3	NA	NA	NA	3	No
PXDNL	NA	NA	3	NA	NA	NA	3	No
RET	NA	NA	3	NA	3	NA	3	No
SAPS2	NA	NA	3	NA	NA	NA	3	No
SBF1	NA	NA	3	NA	NA	NA	3	No
SHANK1	NA	NA	3	NA	NA	NA	3	No
SLC29A2	NA	NA	3	NA	NA	NA	3	No
SNTB2	NA	NA	3	NA	NA	NA	3	No
SYNGAP1	NA	NA	3	NA	NA	NA	3	No
TBC1D9B	NA	NA	3	NA	NA	NA	3	No
TIGD6	NA	NA	3	NA	NA	NA	3	No
TPST2	NA	NA	3	NA	NA	NA	3	No
WDR7	NA	NA	3	NA	NA	NA	3	No
ZNF229	NA	NA	3	NA	NA	NA	3	No
CDH1	NA	NA	NA	NA	3	NA	3	No
ABCA4	NA	NA	NA	NA	3	NA	3	No
ABCB1	NA	NA	NA	NA	3	NA	3	No
ACSM3	NA	NA	NA	NA	3	NA	3	No
ACSS2	NA	NA	NA	NA	3	NA	3	No
ACSS3	NA	NA	NA	NA	3	NA	3	No
ACTN1	NA	NA	NA	NA	3	NA	3	No
ADAM2	NA	NA	NA	NA	3	NA	3	No
ADAMTS15	NA	NA	NA	NA	3	NA	3	No
ADH7	NA	NA	NA	NA	3	NA	3	No
AFAP1L2	NA	NA	NA	NA	3	NA	3	No
AGA	NA	NA	NA	NA	3	NA	3	No
AHR	NA	NA	NA	NA	3	NA	3	No
AKAP9	NA	NA	NA	NA	3	NA	3	No
ALAS1	NA	NA	NA	NA	3	NA	3	No
ALDH1L2	NA	NA	NA	NA	3	NA	3	No
AMAC1	NA	NA	NA	NA	3	NA	3	No
AMIGO3	NA	NA	NA	NA	3	NA	3	No
AMPH	NA	NA	NA	NA	3	NA	3	No
ANKRD44	NA	NA	NA	NA	3	NA	3	No
ANTXR1	NA	NA	NA	NA	3	NA	3	No
AP1G2	NA	NA	NA	NA	3	NA	3	No
APBB1	NA	NA	NA	NA	3	NA	3	No
APC	NA	NA	NA	NA	3	NA	3	No
APMAP	NA	NA	NA	NA	3	NA	3	No
APOA5	NA	NA	NA	NA	3	NA	3	No
APP	NA	NA	NA	NA	3	NA	3	No
ATIC	NA	NA	NA	NA	3	NA	3	No
ATP10A	NA	NA	NA	NA	3	NA	3	No
ATP1A2	NA	NA	NA	NA	3	NA	3	No
ATP2A3	NA	NA	NA	NA	3	NA	3	No
ATP6V0A1	NA	NA	NA	NA	3	NA	3	No
B4GALNT2	NA	NA	NA	NA	3	NA	3	No
BAZ1A	NA	NA	NA	NA	3	NA	3	No
BCAT2	NA	NA	NA	NA	3	NA	3	No
BLM	NA	NA	NA	NA	3	NA	3	No
BMPR1A	NA	NA	NA	NA	3	NA	3	No
BRCA1	NA	NA	NA	NA	3	NA	3	No
BRCA2	NA	NA	NA	NA	3	NA	3	No
BSCL2	NA	NA	NA	NA	3	NA	3	No
BTAF1	NA	NA	NA	NA	3	NA	3	No
C9	NA	NA	NA	NA	3	NA	3	No
CAPN5	NA	NA	NA	NA	3	NA	3	No
CAPN7	NA	NA	NA	NA	3	NA	3	No
CBLB	NA	NA	NA	NA	3	NA	3	No
CBX3	NA	NA	NA	NA	3	NA	3	No
CCDC132	NA	NA	NA	NA	3	NA	3	No
CCDC46	NA	NA	NA	NA	3	NA	3	No
CCDC97	NA	NA	NA	NA	3	NA	3	No
CCL4	NA	NA	NA	NA	3	NA	3	No
CDC123	NA	NA	NA	NA	3	NA	3	No
CDH10	NA	NA	NA	NA	3	NA	3	No
CDH7	NA	NA	NA	NA	3	NA	3	No
CDK3	NA	NA	NA	NA	3	NA	3	No
CDKN1A	NA	NA	NA	NA	3	NA	3	No
CECR1	NA	NA	NA	NA	3	NA	3	No
CELSR2	NA	NA	NA	NA	3	NA	3	No
CGN	NA	NA	NA	NA	3	NA	3	No
CHD1	NA	NA	NA	NA	3	NA	3	No
CHD3	NA	NA	NA	NA	3	NA	3	No
CHEK2	NA	NA	NA	NA	3	NA	3	No
CHRM5	NA	NA	NA	NA	3	NA	3	No
CHST2	NA	NA	NA	NA	3	NA	3	No
CIC	NA	NA	NA	NA	3	NA	3	No
CNGA4	NA	NA	NA	NA	3	NA	3	No
CNOT6	NA	NA	NA	NA	3	NA	3	No
CNP	NA	NA	NA	NA	3	NA	3	No
CNTN6	NA	NA	NA	NA	3	NA	3	No
COL5A2	NA	NA	NA	NA	3	NA	3	No
CORO2A	NA	NA	NA	NA	3	NA	3	No
CORO7	NA	NA	NA	NA	3	NA	3	No
CRELD2	NA	NA	NA	NA	3	NA	3	No
CRTC3	NA	NA	NA	NA	3	NA	3	No
CSNK1A1	NA	NA	NA	NA	3	NA	3	No
CSNK2A1	NA	NA	NA	NA	3	NA	3	No
CST7	NA	NA	NA	NA	3	NA	3	No
CTNNA3	NA	NA	NA	NA	3	NA	3	No
CYP24A1	NA	NA	NA	NA	3	NA	3	No
CYP2C18	NA	NA	NA	NA	3	NA	3	No
CYYR1	NA	NA	NA	NA	3	NA	3	No
DCAF6	NA	NA	NA	NA	3	NA	3	No
DDB1	NA	NA	NA	NA	3	NA	3	No
DGCR8	NA	NA	NA	NA	3	NA	3	No
DHX33	NA	NA	NA	NA	3	NA	3	No
DIAPH3	NA	NA	NA	NA	3	NA	3	No
DICER1	NA	NA	NA	NA	3	NA	3	No
DIP2B	NA	NA	NA	NA	3	NA	3	No
DMXL1	NA	NA	NA	NA	3	NA	3	No
DNMT3A	NA	NA	NA	NA	3	NA	3	No
DOCK2	NA	NA	NA	NA	3	NA	3	No
DOCK5	NA	NA	NA	NA	3	NA	3	No
DOLK	NA	NA	NA	NA	3	NA	3	No
DSC2	NA	NA	NA	NA	3	NA	3	No
DSCAML1	NA	NA	NA	NA	3	NA	3	No
DSG2	NA	NA	NA	NA	3	NA	3	No
DUOXA2	NA	NA	NA	NA	3	NA	3	No
DUPD1	NA	NA	NA	NA	3	NA	3	No
DYNC1H1	NA	NA	NA	NA	3	NA	3	No
DYNC1I1	NA	NA	NA	NA	3	NA	3	No
ECGF1	NA	NA	NA	NA	3	NA	3	No
ECT2L	NA	NA	NA	NA	3	NA	3	No
EGFR	NA	NA	NA	NA	3	NA	3	No
EPHA3	NA	NA	NA	NA	3	NA	3	No
EPHA5	NA	NA	NA	NA	3	NA	3	No
ERBB3	NA	NA	NA	NA	3	NA	3	No
ERN2	NA	NA	NA	NA	3	NA	3	No
ETNPPL	NA	NA	NA	NA	3	NA	3	No
EXTL3	NA	NA	NA	NA	3	NA	3	No
FAIM	NA	NA	NA	NA	3	NA	3	No
FAM161A	NA	NA	NA	NA	3	NA	3	No
FAM38B	NA	NA	NA	NA	3	NA	3	No
FAM62C	NA	NA	NA	NA	3	NA	3	No
FANCD2	NA	NA	NA	NA	3	NA	3	No
FGD3	NA	NA	NA	NA	3	NA	3	No
FGFR1	NA	NA	NA	NA	3	NA	3	No
FIGN	NA	NA	NA	NA	3	NA	3	No
FLNA	NA	NA	NA	NA	3	NA	3	No
FLNC	NA	NA	NA	NA	3	NA	3	No
FLT1	NA	NA	NA	NA	3	NA	3	No
FMO2	NA	NA	NA	NA	3	NA	3	No
FN1	NA	NA	NA	NA	3	NA	3	No
FNDC1	NA	NA	NA	NA	3	NA	3	No
FRMPD1	NA	NA	NA	NA	3	NA	3	No
FUT5	NA	NA	NA	NA	3	NA	3	No
FZD1	NA	NA	NA	NA	3	NA	3	No
GABRG1	NA	NA	NA	NA	3	NA	3	No
GAK	NA	NA	NA	NA	3	NA	3	No
GATA2	NA	NA	NA	NA	3	NA	3	No
GATA3	NA	NA	NA	NA	3	NA	3	No
GCN1L1	NA	NA	NA	NA	3	NA	3	No
GJA8	NA	NA	NA	NA	3	NA	3	No
GJB4	NA	NA	NA	NA	3	NA	3	No
GNAS	NA	NA	NA	NA	3	NA	3	No
GOPC	NA	NA	NA	NA	3	NA	3	No
GPD2	NA	NA	NA	NA	3	NA	3	No
GPR133	NA	NA	NA	NA	3	NA	3	No
GPR15	NA	NA	NA	NA	3	NA	3	No
GREM2	NA	NA	NA	NA	3	NA	3	No
GRIA2	NA	NA	NA	NA	3	NA	3	No
GRM5	NA	NA	NA	NA	3	NA	3	No
H6PD	NA	NA	NA	NA	3	NA	3	No
HACE1	NA	NA	NA	NA	3	NA	3	No
HCK	NA	NA	NA	NA	3	NA	3	No
HFE	NA	NA	NA	NA	3	NA	3	No
HIPK3	NA	NA	NA	NA	3	NA	3	No
HIST1H4I	NA	NA	NA	NA	3	NA	3	No
HK3	NA	NA	NA	NA	3	NA	3	No
HLA-DQA1	NA	NA	NA	NA	3	NA	3	No
HLA-DRB1	NA	NA	NA	NA	3	NA	3	No
HNRNPR	NA	NA	NA	NA	3	NA	3	No
HSF2	NA	NA	NA	NA	3	NA	3	No
IDH1	NA	NA	NA	NA	3	NA	3	No
IER2	NA	NA	NA	NA	3	NA	3	No
IL6ST	NA	NA	NA	NA	3	NA	3	No
INSC	NA	NA	NA	NA	3	NA	3	No
INTS6	NA	NA	NA	NA	3	NA	3	No
IQGAP1	NA	NA	NA	NA	3	NA	3	No
IQUB	NA	NA	NA	NA	3	NA	3	No
ITGA2	NA	NA	NA	NA	3	NA	3	No
ITGA8	NA	NA	NA	NA	3	NA	3	No
ITGB3	NA	NA	NA	NA	3	NA	3	No
ITGB4	NA	NA	NA	NA	3	NA	3	No
ITPR1	NA	NA	NA	NA	3	NA	3	No
JAG1	NA	NA	NA	NA	3	NA	3	No
JAKMIP2	NA	NA	NA	NA	3	NA	3	No
KCNA3	NA	NA	NA	NA	3	NA	3	No
KCNAB3	NA	NA	NA	NA	3	NA	3	No
KCNJ6	NA	NA	NA	NA	3	NA	3	No
KCNT2	NA	NA	NA	NA	3	NA	3	No
KDR	NA	NA	NA	NA	3	NA	3	No
KIF21B	NA	NA	NA	NA	3	NA	3	No
KIT	NA	NA	NA	NA	3	NA	3	No
KITLG	NA	NA	NA	NA	3	NA	3	No
KLB	NA	NA	NA	NA	3	NA	3	No
KLC3	NA	NA	NA	NA	3	NA	3	No
KLF4	NA	NA	NA	NA	3	NA	3	No
KLRC4	NA	NA	NA	NA	3	NA	3	No
KRT6A	NA	NA	NA	NA	3	NA	3	No
LEPR	NA	NA	NA	NA	3	NA	3	No
LEPREL1	NA	NA	NA	NA	3	NA	3	No
LIFR	NA	NA	NA	NA	3	NA	3	No
LILRA2	NA	NA	NA	NA	3	NA	3	No
LIN54	NA	NA	NA	NA	3	NA	3	No
LIN7C	NA	NA	NA	NA	3	NA	3	No
LPHN2	NA	NA	NA	NA	3	NA	3	No
LRAP	NA	NA	NA	NA	3	NA	3	No
LRIG3	NA	NA	NA	NA	3	NA	3	No
LRP1	NA	NA	NA	NA	3	NA	3	No
LRP10	NA	NA	NA	NA	3	NA	3	No
LRP3	NA	NA	NA	NA	3	NA	3	No
LYST	NA	NA	NA	NA	3	NA	3	No
MAP2K3	NA	NA	NA	NA	3	NA	3	No
MAP4K4	NA	NA	NA	NA	3	NA	3	No
MARCHF7	NA	NA	NA	NA	3	NA	3	No
MARK1	NA	NA	NA	NA	3	NA	3	No
MBL2	NA	NA	NA	NA	3	NA	3	No
MCM8	NA	NA	NA	NA	3	NA	3	No
MED13L	NA	NA	NA	NA	3	NA	3	No
MIB1	NA	NA	NA	NA	3	NA	3	No
MLH1	NA	NA	NA	NA	3	NA	3	No
MMEL1	NA	NA	NA	NA	3	NA	3	No
MN1	NA	NA	NA	NA	3	NA	3	No
MORC2	NA	NA	NA	NA	3	NA	3	No
MPL	NA	NA	NA	NA	3	NA	3	No
MSH2	NA	NA	NA	NA	3	NA	3	No
MSN	NA	NA	NA	NA	3	NA	3	No
MTMR3	NA	NA	NA	NA	3	NA	3	No
MYL7	NA	NA	NA	NA	3	NA	3	No
MYO5C	NA	NA	NA	NA	3	NA	3	No
MYRIP	NA	NA	NA	NA	3	NA	3	No
NANOG	NA	NA	NA	NA	3	NA	3	No
NCOR1	NA	NA	NA	NA	3	NA	3	No
NDUFS1	NA	NA	NA	NA	3	NA	3	No
NELL2	NA	NA	NA	NA	3	NA	3	No
NFIB	NA	NA	NA	NA	3	NA	3	No
NFX1	NA	NA	NA	NA	3	NA	3	No
NGFR	NA	NA	NA	NA	3	NA	3	No
NIPBL	NA	NA	NA	NA	3	NA	3	No
NLGN2	NA	NA	NA	NA	3	NA	3	No
NLRP7	NA	NA	NA	NA	3	NA	3	No
NLRP8	NA	NA	NA	NA	3	NA	3	No
NOTCH3	NA	NA	NA	NA	3	NA	3	No
NPHP1	NA	NA	NA	NA	3	NA	3	No
NPY2R	NA	NA	NA	NA	3	NA	3	No
NR2F2	NA	NA	NA	NA	3	NA	3	No
NSD1	NA	NA	NA	NA	3	NA	3	No
NUP153	NA	NA	NA	NA	3	NA	3	No
ONECUT1	NA	NA	NA	NA	3	NA	3	No
PABPC1	NA	NA	NA	NA	3	NA	3	No
PADI1	NA	NA	NA	NA	3	NA	3	No
PAPPA2	NA	NA	NA	NA	3	NA	3	No
PBX1	NA	NA	NA	NA	3	NA	3	No
PCCB	NA	NA	NA	NA	3	NA	3	No
PCDE1C	NA	NA	NA	NA	3	NA	3	No
PCDHB1	NA	NA	NA	NA	3	NA	3	No
PCDHB15	NA	NA	NA	NA	3	NA	3	No
PCDHB3	NA	NA	NA	NA	3	NA	3	No
PCDHB5	NA	NA	NA	NA	3	NA	3	No
PCDHGA2	NA	NA	NA	NA	3	NA	3	No
PDE1C	NA	NA	NA	NA	3	NA	3	No
PDE4DIP	NA	NA	NA	NA	3	NA	3	No
PDGFRA	NA	NA	NA	NA	3	NA	3	No
PDGFRB	NA	NA	NA	NA	3	NA	3	No
PDIA2	NA	NA	NA	NA	3	NA	3	No
PDZRN4	NA	NA	NA	NA	3	NA	3	No
PFN1	NA	NA	NA	NA	3	NA	3	No
PGR	NA	NA	NA	NA	3	NA	3	No
PKD1	NA	NA	NA	NA	3	NA	3	No
PLA2G4B	NA	NA	NA	NA	3	NA	3	No
PLCB4	NA	NA	NA	NA	3	NA	3	No
PLEKHA7	NA	NA	NA	NA	3	NA	3	No
PNLIPRP1	NA	NA	NA	NA	3	NA	3	No
PNPT1	NA	NA	NA	NA	3	NA	3	No
POGZ	NA	NA	NA	NA	3	NA	3	No
POLD3	NA	NA	NA	NA	3	NA	3	No
POLE	NA	NA	NA	NA	3	NA	3	No
POLQ	NA	NA	NA	NA	3	NA	3	No
PPARGC1A	NA	NA	NA	NA	3	NA	3	No
PPP2R2B	NA	NA	NA	NA	3	NA	3	No
PPWD1	NA	NA	NA	NA	3	NA	3	No
PRDM16	NA	NA	NA	NA	3	NA	3	No
PRKCB1	NA	NA	NA	NA	3	NA	3	No
PRKCQ	NA	NA	NA	NA	3	NA	3	No
PROS1	NA	NA	NA	NA	3	NA	3	No
PRSS7	NA	NA	NA	NA	3	NA	3	No
PTCH1	NA	NA	NA	NA	3	NA	3	No
PTPN14	NA	NA	NA	NA	3	NA	3	No
PTPN23	NA	NA	NA	NA	3	NA	3	No
PTPRF	NA	NA	NA	NA	3	NA	3	No
PTPRK	NA	NA	NA	NA	3	NA	3	No
PTPRT	NA	NA	NA	NA	3	NA	3	No
PXK	NA	NA	NA	NA	3	NA	3	No
RAB3GAP1	NA	NA	NA	NA	3	NA	3	No
RAD9A	NA	NA	NA	NA	3	NA	3	No
RAPGEF3	NA	NA	NA	NA	3	NA	3	No
RARA	NA	NA	NA	NA	3	NA	3	No
RBM15B	NA	NA	NA	NA	3	NA	3	No
RECQL4	NA	NA	NA	NA	3	NA	3	No
RFC1	NA	NA	NA	NA	3	NA	3	No
RHPN2	NA	NA	NA	NA	3	NA	3	No
RIF1	NA	NA	NA	NA	3	NA	3	No
RIMS4	NA	NA	NA	NA	3	NA	3	No
ROR2	NA	NA	NA	NA	3	NA	3	No
RPTOR	NA	NA	NA	NA	3	NA	3	No
RSL1D1	NA	NA	NA	NA	3	NA	3	No
RUNDC1	NA	NA	NA	NA	3	NA	3	No
RUNX1	NA	NA	NA	NA	3	NA	3	No
RYR1	NA	NA	NA	NA	3	NA	3	No
SAPS3	NA	NA	NA	NA	3	NA	3	No
SARM1	NA	NA	NA	NA	3	NA	3	No
SCYL1	NA	NA	NA	NA	3	NA	3	No
SEMA3A	NA	NA	NA	NA	3	NA	3	No
SEMA3D	NA	NA	NA	NA	3	NA	3	No
SEMA5A	NA	NA	NA	NA	3	NA	3	No
SERINC2	NA	NA	NA	NA	3	NA	3	No
SH3PXD2B	NA	NA	NA	NA	3	NA	3	No
SHMT2	NA	NA	NA	NA	3	NA	3	No
SIGLEC10	NA	NA	NA	NA	3	NA	3	No
SLC16A7	NA	NA	NA	NA	3	NA	3	No
SLC16A8	NA	NA	NA	NA	3	NA	3	No
SLC4A8	NA	NA	NA	NA	3	NA	3	No
SLC5A1	NA	NA	NA	NA	3	NA	3	No
SLC9A5	NA	NA	NA	NA	3	NA	3	No
SMO	NA	NA	NA	NA	3	NA	3	No
SOS2	NA	NA	NA	NA	3	NA	3	No
SOX6	NA	NA	NA	NA	3	NA	3	No
SPEG	NA	NA	NA	NA	3	NA	3	No
SPTBN1	NA	NA	NA	NA	3	NA	3	No
ST8SIA3	NA	NA	NA	NA	3	NA	3	No
SULF2	NA	NA	NA	NA	3	NA	3	No
SYK	NA	NA	NA	NA	3	NA	3	No
TAF1L	NA	NA	NA	NA	3	NA	3	No
TAF4B	NA	NA	NA	NA	3	NA	3	No
TECRL	NA	NA	NA	NA	3	NA	3	No
THBS4	NA	NA	NA	NA	3	NA	3	No
TIMM50	NA	NA	NA	NA	3	NA	3	No
TLN1	NA	NA	NA	NA	3	NA	3	No
TLN2	NA	NA	NA	NA	3	NA	3	No
TLR4	NA	NA	NA	NA	3	NA	3	No
TMC1	NA	NA	NA	NA	3	NA	3	No
TMEM161A	NA	NA	NA	NA	3	NA	3	No
TMEM16E	NA	NA	NA	NA	3	NA	3	No
TMEM63A	NA	NA	NA	NA	3	NA	3	No
TNPO1	NA	NA	NA	NA	3	NA	3	No
TPR	NA	NA	NA	NA	3	NA	3	No
TPRKB	NA	NA	NA	NA	3	NA	3	No
TRIM37	NA	NA	NA	NA	3	NA	3	No
TSC2	NA	NA	NA	NA	3	NA	3	No
TSHZ2	NA	NA	NA	NA	3	NA	3	No
TYRO3	NA	NA	NA	NA	3	NA	3	No
UBXN11	NA	NA	NA	NA	3	NA	3	No
UBXN2B	NA	NA	NA	NA	3	NA	3	No
UHRF1BP1L	NA	NA	NA	NA	3	NA	3	No
UNC13B	NA	NA	NA	NA	3	NA	3	No
UQCRC1	NA	NA	NA	NA	3	NA	3	No
VANGL1	NA	NA	NA	NA	3	NA	3	No
VPS13A	NA	NA	NA	NA	3	NA	3	No
WDR65	NA	NA	NA	NA	3	NA	3	No
WDR66	NA	NA	NA	NA	3	NA	3	No
WDR67	NA	NA	NA	NA	3	NA	3	No
WIF1	NA	NA	NA	NA	3	NA	3	No
WNK4	NA	NA	NA	NA	3	NA	3	No
WT1	NA	NA	NA	NA	3	NA	3	No
XDH	NA	NA	NA	NA	3	NA	3	No
ZFAT	NA	NA	NA	NA	3	NA	3	No
ZIC4	NA	NA	NA	NA	3	NA	3	No
ZMYM4	NA	NA	NA	NA	3	NA	3	No
ZNF354A	NA	NA	NA	NA	3	NA	3	No
ZNF366	NA	NA	NA	NA	3	NA	3	No
ZNF439	NA	NA	NA	NA	3	NA	3	No
ZNF474	NA	NA	NA	NA	3	NA	3	No
ZNF700	NA	NA	NA	NA	3	NA	3	No
ZNF790	NA	NA	NA	NA	3	NA	3	No
ZNF814	NA	NA	NA	NA	3	NA	3	No
ZNF91	NA	NA	NA	NA	3	NA	3	No
ZP1	NA	NA	NA	NA	3	NA	3	No
